Security Aspect,Original Status,Original Risk,Improved Status,Improved Risk
API Key Management,Hardcoded in source code,CRITICAL,Environment variables + encryption,LOW
SSL/TLS Security,Disabled (VERIFY_SSL=False),CRITICAL,Enforced HTTPS + certificates,LOW
Session Management,In-memory dictionary,CRITICAL,Redis-backed encrypted sessions,LOW
Input Validation,Basic regex patterns,HIGH,Multi-layer validation + sanitization,LOW
Authentication,None implemented,HIGH,PBKDF2 hashed passwords,LOW
Authorization,Simple intent detection,HIGH,Role-based access control,LOW
Rate Limiting,Not implemented,HIGH,Per-endpoint limits + throttling,LOW
Error Handling,Generic error messages,MEDIUM,Secure error handling,LOW
Logging Security,Plain text file logging,MEDIUM,Structured PII-safe logging,LOW
Data Encryption,Not implemented,CRITICAL,Fernet encryption for all sensitive data,LOW
CORS Configuration,Basic CORS,MEDIUM,Secure CORS with whitelist,LOW
Security Headers,None implemented,HIGH,Complete CSP + HSTS implementation,LOW
Configuration Management,Mixed env vars and hardcoded,MEDIUM,Centralized secure configuration,LOW
Code Quality,Poor structure,LOW,Modular architecture + best practices,LOW
Testing Framework,Not implemented,MEDIUM,Comprehensive test suite,LOW
