{"chunks": [{"id": "chunk_0", "text": "First Citizens Digital Banking Service acknowledges receipt of customer queries, which are forwarded\nto the relevant department for processing; for assistance, the Support Team is available from 6am to\n10pm daily via Web Chat or email at easybanking@firstcitizenstt.com and\nchannelsupport@firstcitizenstt.com. While customer support is not offered via social media or\nWhatsApp, 24/7 support is available through ChatBot Annie within Digital Banking. Customer feedback\nand suggestions are submitted to the Customer Service Department, and complaints are escalated for\nurgent resolution. If attempts to contact a customer by phone are unsuccessful, the customer is asked\nto provide an updated telephone number, and to review and update their personal information by\nlogging into Online Banking and navi"}, {"id": "chunk_1", "text": "gating to My Home → About Me.\nTo block a lost, stolen, or compromised Debit EMV card, customers can log in to the First Citizens\nMobile App, navigate to Cards → Debit, click the account and card number, then select Hotlist to\nrestrict and replace the card. Debit Card PINs can be reset at any First Citizens ATM or by visiting a\nbranch with valid identification. Replacement cards can be requested via the Mobile App or at a branch.\nDaily transaction and withdrawal limits apply, and customers should contact the Support Team for\ndetails. First Citizens Debit Cards support contactless transactions. For declined or disputed debit card\ntransactions, customers should submit details via Secure Message or at a branch.\nTo block a lost, stolen, or compromised Credit/Prepaid Card, customers can log in t"}, {"id": "chunk_2", "text": "o the Mobile App,\nnavigate to Cards → Credit, select the card, then Services → Hotlist, or log in to Online Banking, and\nselect My Services → Credit Card / PIN Replacements. The bank is aware of delays in real-time credit\ncard payments and duplicate transactions and is working to resolve these issues. For Credit Card\nactivation or renewal, customers can log in to the Mobile App and follow the prompts under Cards →\nCredit; for replacements, a request can be submitted via Online Banking or at a branch. If credit card\ndelivery fails, customers should confirm their mailing address and contact details for re-dispatch or\nreplacement. For queries on Credit Card limits, statement reprints, fees, or rewards, customers should\ncontact the Support Team or submit a Secure Message. For Prepaid Mastercar"}, {"id": "chunk_3", "text": "d services (new card,\nreplacement, closure, or balance transfer), customers should submit their request via Online Banking or\nvisit a branch.\nA CIF (Customer Information File) number, a unique banking profile identifier, cannot be shared via\nemail or chat; customers must log in to Online Banking or visit a branch with valid ID to obtain it. To\nregister for Online Banking, visit https://www.firstcitizensgroup.com/tt/ and select \"Register for Online\nBanking,\" with additional verification required for international customers. For Online Banking password\nor account resets, customers can select \"Forgot Password\" on the login page or contact the Support\nTeam. To register for Mobile Banking Alerts, log in to the Mobile App, select \"Alerts & Notifications,\"\nand enable SMS/Email alerts. For OTP err"}, {"id": "chunk_4", "text": "ors, ensure the mobile number is updated and the device\nhas network coverage. Contact details can be updated in Online Banking under My Home → About Me.\nTo send a secure message, log in to Online Banking, select Messages → Compose, enter the query,\nand submit. Account numbers can be viewed in Online Banking under Accounts → Account Details.\nProof of payment can be printed in Online Banking under Payments → History. Transaction PINs can\nbe changed in the Mobile App under Settings → Security → Change PIN. For Payee Management,\npayees can be added (Online Banking → Payments → Add Payee) or amended, and utilities can be\nadded; transactions are subject to daily limits. Credit Card payments can be made via Online Banking\nor the Mobile App under Payments → Credit Card. Scheduled payments can be s"}, {"id": "chunk_5", "text": "et up or modified in\nOnline Banking under Payments → Scheduled Payments. Transfers move funds between own\naccounts, while payments send funds to external accounts or payees. For bill payment issues,\ncustomers should verify payee details and account number or contact the Support Team.\nFor account opening queries, refer to https://www.firstcitizenstt.net/FCGWebClient/origination.do?_flow\nExecutionKey=_c7D38EDBB-17FC-998B-31B0-EFE05486DCF2_kA0823E32-1E48-D1AE-E33D-76C6\nB0A03D4F&a6c6fbb26e6880ec4507b0b421bc96ef6a4d6d54137822eb488e2585ce39082b;=40fc27ad\n9fe52b499ab3a0dd2a48e222. Product information on savings and chequing accounts can be found at"}, {"id": "chunk_6", "text": "https://www.firstcitizensgroup.com/tt/savings-chequing/savings/ and\nhttps://www.firstcitizensgroup.com/tt/savings-chequing/chequing/. Interest rates for savings and\nchequing accounts are available at the same URLs. Information on fees and charges is at\nhttps://www.firstcitizensgroup.com/tt/fees-and-charges/, and required documents are at\nhttps://www.firstcitizensgroup.com/tt/documents-required-savings-chequing/. FAQs and\ntroubleshooting are available at\nhttps://www.firstcitizensgroup.com/tt/24-hour-banking/first-citizens-contact-centre/#Frequently. The\nATM/Branch locator is at https://www.firstcitizensgroup.com/tt/locations/, and contact center integration\n(live agent) is at\nhttps://www.firstcitizens.chat/iceMessaging/Login.html?dId=main〈=en-CA&WebSiteID;=.\nTo apply for a credit card, the"}, {"id": "chunk_7", "text": "required documents can be found at\nhttps://www.firstcitizenstt.com/personal-banking/credit-cards/apply-credit-card.html, and information on\nqualifying salary, annual fees, and interest rates is at\nhttps://www.firstcitizenstt.com/personal-banking/credit-cards/faqs.html. Credit card payments can be\nmade via Online Banking, Telebanking, the First Citizens Branch network, or standing order. Credit\ncard balances can be checked via Online Banking, Telebanking, or the monthly statement. To sign up\nfor Online Banking and Telebanking, go to Online Banking, call 62-FIRST, or visit any First Citizens\nbranch. The cut-off time for payments to be updated overnight is 3pm Monday-Thursday and 4.15pm\non Friday. Information on credit card reward programs is at\nhttps://www.firstcitizenstt.com/personal-bankin"}, {"id": "chunk_8", "text": "g/credit-cards/reward-programmes.html. First Citizens\noffers Bonus Points (VISA suite), Ultra Rewards (VISA Platinum/VISA Signature), Vacation Rewards\n(Vacation Lifestyle MasterCard), and Cash Back Rewards (VISA Pink). Information on credit card fees\nand charges is at https://www.firstcitizenstt.com/personal-banking/credit-cards/faqs.html. Credit card\ntransactions can be completed up to the credit card limit for local online transactions; email\nauthorizations@firstcitizenstt.com for issues. For USD balance information or issues with transactions,\ncustomers can also contact authorizations@firstcitizenstt.com. Credit card transactions should be\ncancelled through the merchant, and cancellation receipts sent to authorizations@firstcitizenstt.com for\nsupport with release of funds.\nCredit card d"}, {"id": "chunk_9", "text": "isputes require contacting the merchant first, then sending cancellation receipts to\nauthorizations@firstcitizenstt.com; more information on credit card disputes can be found via the\nprovided links. For defective items or non-receipt of goods purchased with a credit card, the purchase\nneeds to be disputed. For missing refunds, query the merchant first, and if unresolved after 10 business\ndays, contact authorizations@firstcitizenstt.com. To have a credit card replacement or renewal sent to\na different location, send a secure message to the Credit Card Centre or call 62-FIRST. Daily foreign\ncurrency credit card limits depend on spending history and forex eligibility; email\nauthorizations@firstcitizenstt.com for assistance. To dispute a credit card transaction, follow the\nprovided link. If bi"}, {"id": "chunk_10", "text": "lled after paying cash, query the merchant first, and if unresolved after 10 business\ndays, contact authorizations@firstcitizenstt.com. Credit card dispute forms are available via the\nprovided link. Inquiries regarding unauthorized transactions should be immediately reported via\n62-FIRST Option 6. The annual fee for various Visa and MasterCard options is available via the\nprovided links.\nIf a bonus points certificate is lost, send a secure message via First Citizens Online Banking to\nCreditCardRewards@firstcitizenstt.com or call 625-2893 ext. 2396/2341, providing details about the\ncertificate. Payments made to credit cards via Online Banking are immediate, while over-the-counter\npayments take one business day.\nMobile Banking allows access to account information and banking transactions via"}, {"id": "chunk_11", "text": "a mobile phone.\nFeatures include viewing accounts, checking balances, transferring funds, and paying bills online.\nCustomers can use mobile text service or download the mobile banking app via the App Store. Mobile\ntext is accessible even without a smartphone. Any First Citizens customer with a valid account can"}, {"id": "chunk_12", "text": "register for mobile banking, though some categories may not apply. Registration can be done through\nself-enrollment via the mobile banking tab in Online Banking, at First Citizens branches, or by emailing\nchannelsupport@firstcitizenstt.com. The enrollment process includes signing the IESA (available via a\nprovided link), registering, and subscribing. Mobile account nicknames protect account information and\nmust be unique, between three to eight characters in length, and contain no spaces or special\ncharacters. Mobile banking is not an international service, and customers must agree to the Terms and\nConditions to participate. Banking information will be provided on a default account if an account is not\nspecified when using a command; refer to the mobile banking 'How To Guide' for more info"}, {"id": "chunk_13", "text": "rmation.\nMobile Alerts are automatic notices sent by First Citizens to a registered mobile phone or email; more\ninformation is available at\nhttps://www.firstcitizenstt.com/24-hour-banking/mobile-banking/mobile-alerts.html. Subscribing for\nmobile alerts is quick and easy, and there are many benefits. First Citizens deposits, loans, and\ninvestment accounts are available via the Mobile Banking Service, selected during enrollment. To use\nthe mobile text service, customers must be registered for First Citizens Online Banking and have a\nmobile device that supports SMS. The First Citizens Mobile Banking Service does not facilitate\nthird-party payments, neither within First Citizens nor externally. Balances and history on First Citizens\ncredit cards are provided via the mobile banking service. Mor"}, {"id": "chunk_14", "text": "e than one phone can be registered to\nreceive information via mobile banking. Up to the last 15 transactions can be retrieved as statement\nhistory via First Citizens Mobile Text. The current available balance is provided via the 'BAL' text\nmessage, and the 'HIST' text message sends the most recent posted transactions. Pending\ntransactions will not be shown.\nFirst Citizens prioritizes the safety and privacy of customer information and uses encryption to protect\naccounts during mobile banking. The service does not request or send personal information such as full\naccount numbers, emails, or personal addresses. Mobile Banking account settings can be amended\nfrom a personal computer at the mobile banking preference center within First Citizens Online Banking.\nCommands are SMS text messages sen"}, {"id": "chunk_15", "text": "t to First Citizens at 43262 (4FCMB); a list of commands is\navailable via the provided link. If a response is not received, ensure the correct number (43262),\nspelling of the command, and account nickname are used. A confirmation message will be sent after\nsending a 'TRAN' text message. To check the available balance, send a 'BAL ALL' text message to\n43262 (4FCMB). Guidelines for enhancing security while using mobile banking are available via the\nprovided link.\nThe SWIFT code for First Citizens is FCTTTTPS, but they do not maintain an IBAN or routing number;\nmore details on the format required to send wire transfers are at\nhttps://www.firstcitizenstt.com/commercial-banking/correspondent-banks.html. The timeframe to\nprocess incoming wire transfers depends on the sending bank, and outgoing w"}, {"id": "chunk_16", "text": "ire transfers take an\naverage of three days. To send a wire transfer, select the 'My Services' tab and then 'Wire Transfer'. An\nintermediary bank is required when sending a payment in a currency that is not the domestic currency\nfor the destination country. To view the fees and charges associated with a wire transfer, visit\nhttps://www.firstcitizenstt.com/fees-and-charges.html.\nFor further assistance, the Support Team is available from 6am to 10pm daily via Web Chat or email at\neasybanking@firstcitizenstt.com and channelsupport@firstcitizenstt.com. Customers can provide\nfeedback at https://www.firstcitizensgroup.com/tt/customer-support/feedback/, and the website is\nhttps://www.firstcitizensgroup.com/tt/.\nTo prohibit unauthorized activity on a First Citizens Debit EMV card, log in to the Mo"}, {"id": "chunk_17", "text": "bile App, navigate\nto Cards → Debit, click the account and card number, and select Hotlist. To register for deposit account\nalerts via SMS and/or Email Notifications, visit\nhttps://www.firstcitizensgroup.com/tt/mobile-banking-2/mobile-banking/mobile-alerts/."}, {"id": "chunk_18", "text": "If online banking activity triggers an alert and access is restricted, customers should provide an updated\ntelephone number or email address for the Customer Service Team to contact them. Upon regaining\naccess, customers should review and update personal information under My Home, About Me.\nCustomers can enable Biometric (Face ID or Thumbprint) and/or PIN Authentication by downloading\nthe updated First Citizens Mobile App."}], "pdf_path": "summary.pdf"}