{
  "chunks": [
    {
      "id": "chunk_0",
      "text": "Request Submitted for Review / Investigation  \nSubject: Customer Service Request  \n Thank you for your interest in our First Citizens Digital Banking Service \n(https://www.firstcitizensgroup.com/tt/). We acknowledge receipt of your query, which has \nbeen forwarded to the relevant department for processing. For further assistance, connect \nwith our Support Team from 6am to 10pm daily via Web Chat or email: \neasybanking@firstcitizenstt.com, channelsupport@firstcitizenstt.com \nTo review and update your personal information, log in to Online Banking → My Home \n→About Me.  \nSubject: Customer Contact Request  \nYour request has been acknowledged and forwarded to the relevant branch/unit. \n1.8 Unable to Contact Customer  \nSubject: Customer Contact Request  \nOur attempts to contact you via the tele"
    },
    {
      "id": "chunk_1",
      "text": "t Request  \nYour request has been acknowledged and forwarded to the relevant branch/unit. \n1.8 Unable to Contact Customer  \nSubject: Customer Contact Request  \nOur attempts to contact you via the telephone numbers provided were unsuccessful. \nPlease provide an updated telephone number. \nTo review and update your personal information, log in to Online Banking → My Home → \nAbout Me. \n1.9 Request Completed  \nSubject: Customer Service Request  \nKindly be advised that your request has been completed. \n1.10 Feedback via Secure Message  \nSubject: Secure Message Response  \nKindly note the feedback provided by the respective department regarding your request: \nYou will be notified in a subsequent message when further updates are available. \nRegards, \nCustomer Service Representative: Contact Center"
    },
    {
      "id": "chunk_2",
      "text": "vided by the respective department regarding your request: \nYou will be notified in a subsequent message when further updates are available. \nRegards, \nCustomer Service Representative: Contact Center \n1.11 Thank You for Suggestion / Feedback  \nSubject: Customer Feedback  \nThank you for your feedback. It has been submitted to our Customer Service Department. \nRegards, \nCustomer Service Representative: Contact Center \n1.12 Response for Complaint  \nSubject: Customer Feedback  \nWe extend our sincerest apologies for the inconvenience experienced. Your feedback has \nbeen escalated for urgent resolution. \n\n1.13 WhatsApp / Social Media Support Policy  \nSubject: Customer Contact Request  \nAt this time, we do not offer customer support via social media or WhatsApp. \nOur support channels are availabl"
    },
    {
      "id": "chunk_3",
      "text": "ion. \n\n1.13 WhatsApp / Social Media Support Policy  \nSubject: Customer Contact Request  \nAt this time, we do not offer customer support via social media or WhatsApp. \nOur support channels are available from 6am to 10pm daily via: \n• \nWeb Chat (Live Agent) \n• \nEmail: easybanking@firstcitizenstt.com / channelsupport@firstcitizenstt.com \nFor 24/7 support, you may also connect with our ChatBot Annie within Digital \nBanking. \nRegards, \nCustomer Service Representative: Contact Center \n1.14 Security Questions  \nNote: Customer Service Representative to call customer if a reset is required for Online \nBanking security questions. \nSection 2: Card Issues \n2.1 Debit Cards \nHow to Block Debit Cards via the Mobile App  \nSubject: Lost / Stolen / Compromised Debit Card  \nTo prohibit unauthorized activity"
    },
    {
      "id": "chunk_4",
      "text": "Banking security questions. \nSection 2: Card Issues \n2.1 Debit Cards \nHow to Block Debit Cards via the Mobile App  \nSubject: Lost / Stolen / Compromised Debit Card  \nTo prohibit unauthorized activity on your First Citizens Debit EMV card: \n1. Log in to the First Citizens Mobile App. \n2. Navigate to the grid (top right-hand side). \n3. Select Cards → Debit. \n4. Click the account number, then card number. \n5. Select Hotlist and complete the steps to restrict and replace your card. \nFor deposit account alerts (SMS/Email), visit: \nhttps://www.firstcitizensgroup.com/tt/mobile-banking-2/mobile-banking/mobile-alerts/ \nRe-PIN Debit Card  \nSubject: Debit Card PIN Reset  \nYou may reset your Debit Card PIN at any First Citizens ATM or by visiting your nearest \nbranch with valid identification. \nDebit"
    },
    {
      "id": "chunk_5",
      "text": "g/mobile-alerts/ \nRe-PIN Debit Card  \nSubject: Debit Card PIN Reset  \nYou may reset your Debit Card PIN at any First Citizens ATM or by visiting your nearest \nbranch with valid identification. \nDebit Card Replacement  \nSubject: Debit Card Replacement  \n\nIf your card is lost, stolen, or damaged, please request a replacement via the Mobile App or \nby visiting your nearest branch. \nDebit Card Limits  \nSubject: Debit Card Limits  \nDaily transaction and withdrawal limits apply to your Debit Card. For details, please \ncontact our Support Team. \nContactless Transactions  \nSubject: Contactless Debit Transactions  \nYour First Citizens Debit Card supports contactless transactions. Simply tap your card at \nenabled terminals for quick payments. \nLINX Dispute / ATM Issues  \nSubject: Debit Card Dispute"
    },
    {
      "id": "chunk_6",
      "text": "ransactions  \nYour First Citizens Debit Card supports contactless transactions. Simply tap your card at \nenabled terminals for quick payments. \nLINX Dispute / ATM Issues  \nSubject: Debit Card Dispute  \nIf you experience a declined or disputed transaction, please submit details (date, amount, \nmerchant/ATM) via Secure Message or at your nearest branch. \n2.2 Credit & Prepaid Cards \nHow to Block Credit / Prepaid Cards via the Mobile App  \nSubject: Lost / Stolen / Compromised Credit/Prepaid Card  \nTo block your Credit/Prepaid Card: \n1. Log in to the First Citizens Mobile App. \n2. Navigate to the grid (top right-hand side). \n3. Select Cards → Credit. \n4. Select your card number → Services → Hotlist. \n5. Complete the steps to restrict and replace your card. \nHow to Block Credit / Prepaid Cards v"
    },
    {
      "id": "chunk_7",
      "text": "rid (top right-hand side). \n3. Select Cards → Credit. \n4. Select your card number → Services → Hotlist. \n5. Complete the steps to restrict and replace your card. \nHow to Block Credit / Prepaid Cards via Online Banking  \nSubject: Lost / Stolen / Compromised Credit/Prepaid Card  \n \nTo block your Credit/Prepaid Card: \n1. Log in to Online Banking. \n2. Select My Services → Credit Card / PIN Replacements. \n3. Complete the required information. \n\nCredit Card Real-Time Processing Error  \nSubject: Delay in Real-Time Processing  \nWe have been alerted of a delay in accessing real-time credit card payments. This issue is \nbeing addressed urgently and will be resolved shortly. \nDuplicate Transactions  \nSubject: Duplicate Credit Card Transaction  \nWe are aware of a duplicate transaction on your Credit C"
    },
    {
      "id": "chunk_8",
      "text": "s. This issue is \nbeing addressed urgently and will be resolved shortly. \nDuplicate Transactions  \nSubject: Duplicate Credit Card Transaction  \nWe are aware of a duplicate transaction on your Credit Card. Kindly note that we are \nworking with the external financial institution to reverse the duplicate within the shortest \npossible timeframe. \nCredit Card Activation / Renewal / Replacement  \nSubject: Credit Card Activation / Renewal  \nTo activate or renew your Credit Card, log in to the Mobile App and follow the prompts \nunder Cards → Credit. For replacements, please submit a request via Online Banking or \nvisit your nearest branch. \nCredit Card Dispatch & Delivery Issues  \nSubject: Credit Card Delivery  \nIf your card delivery has failed, please confirm your mailing address and contact deta"
    },
    {
      "id": "chunk_9",
      "text": "Banking or \nvisit your nearest branch. \nCredit Card Dispatch & Delivery Issues  \nSubject: Credit Card Delivery  \nIf your card delivery has failed, please confirm your mailing address and contact details. \nWe will arrange re-dispatch or replacement as required. \nCredit Card Operations (Limits, Statements, Fees, Rewards)  \nSubject: Credit Card Operations  \nFor queries regarding: \n• \nCredit Card limits (daily, FX, cash withdrawal) \n• \nStatement reprints or reconciliations \n• \nMembership, late, or over-limit fees \n• \nRewards (cashback, miles, redemption) \nPlease contact our Support Team or submit a Secure Message. \nPrepaid Mastercard Requests / Closure  \nSubject: Prepaid Mastercard Request  \nFor Prepaid Mastercard services (new card, replacement, closure, or balance transfer), \nplease submit"
    },
    {
      "id": "chunk_10",
      "text": "a Secure Message. \nPrepaid Mastercard Requests / Closure  \nSubject: Prepaid Mastercard Request  \nFor Prepaid Mastercard services (new card, replacement, closure, or balance transfer), \nplease submit your request via Online Banking or visit your nearest branch. \nExcellent — let’s keep building. Here comes the next big section of your cleaned \ndocument. \n\nSection 3: Digital Banking Support \n3.1 CIF Number Queries  \nSubject: CIF Number Request  \nYour CIF (Customer Information File) number is a unique identifier for your banking profile. \nFor security reasons, it cannot be shared via email or chat. Please log in to Online Banking \nor visit your nearest branch with valid ID to obtain it. \n3.2 Credentials / Registration (Local & International)  \nSubject: Online Banking Registration  \nTo registe"
    },
    {
      "id": "chunk_11",
      "text": "t. Please log in to Online Banking \nor visit your nearest branch with valid ID to obtain it. \n3.2 Credentials / Registration (Local & International)  \nSubject: Online Banking Registration  \nTo register for Online Banking: \n1. Visit https://www.firstcitizensgroup.com/tt/ \n2. Select Register for Online Banking. \n3. Follow the on-screen instructions. \nFor international customers, additional verification may be required. \n3.3 Password Reset / Account Reset  \nSubject: Online Banking Reset  \nIf you forgot your password or need to reset your Online Banking access: \n1. Select Forgot Password on the login page. \n2. Follow the prompts to reset using your registered email/phone. \nIf unsuccessful, please contact our Support Team. \n3.4 Mobile Banking Alerts & OTP Errors  \nSubject: Mobile Banking Alerts"
    },
    {
      "id": "chunk_12",
      "text": "gin page. \n2. Follow the prompts to reset using your registered email/phone. \nIf unsuccessful, please contact our Support Team. \n3.4 Mobile Banking Alerts & OTP Errors  \nSubject: Mobile Banking Alerts  \nTo register for Mobile Banking Alerts: \n1. Log in to the Mobile App. \n2. Select Alerts & Notifications. \n3. Enable SMS/Email alerts. \nFor OTP errors, ensure your mobile number is updated and your device has network \ncoverage. \n3.5 Updating Contact Details  \nSubject: Update Contact Information  \nTo update your contact details: \n\n1. Log in to Online Banking. \n2. Select My Home → About Me. \n3. Update your phone number, email, or address. \n3.6 Secure Messaging  \nSubject: Secure Message Request  \nTo send a secure message: \n1. Log in to Online Banking. \n2. Select Messages → Compose. \n3. Enter you"
    },
    {
      "id": "chunk_13",
      "text": "ate your phone number, email, or address. \n3.6 Secure Messaging  \nSubject: Secure Message Request  \nTo send a secure message: \n1. Log in to Online Banking. \n2. Select Messages → Compose. \n3. Enter your query and submit. \n3.7 Viewing Account Numbers  \nSubject: Account Number Request  \nTo view your account number: \n1. Log in to Online Banking. \n2. Select Accounts → Account Details. \n3.8 Proof of Payment  \nSubject: Proof of Payment  \nTo print proof of payment: \n1. Log in to Online Banking. \n2. Select Payments → History. \n3. Choose the transaction and select Print. \n3.9 Transaction PIN Changes  \nSubject: Transaction PIN Change  \nTo change your Transaction PIN: \n1. Log in to the Mobile App. \n2. Select Settings → Security → Change PIN. \n3.10 Payee Management  \nSubject: Payee Management  \nYou may"
    },
    {
      "id": "chunk_14",
      "text": "ubject: Transaction PIN Change  \nTo change your Transaction PIN: \n1. Log in to the Mobile App. \n2. Select Settings → Security → Change PIN. \n3.10 Payee Management  \nSubject: Payee Management  \nYou may: \n• \nAdd a Payee: Online Banking → Payments → Add Payee. \n\n• \nAmend a Payee: Select existing payee → Edit details. \n• \nAdd Utilities: Choose from the Utilities list. \n• \nResolve Errors: Ensure correct account/payee details. \n• \nDaily Limits: Transactions are subject to daily limits. \n3.11 Credit Card Payments via Digital Banking  \nSubject: Credit Card Payments  \nTo pay your Credit Card: \n1. Log in to Online Banking or Mobile App. \n2. Select Payments → Credit Card. \n3. Enter amount and confirm. \n3.12 Scheduled / Recurring Payments  \nSubject: Scheduled Payments  \n \nTo set up or modify scheduled"
    },
    {
      "id": "chunk_15",
      "text": "n to Online Banking or Mobile App. \n2. Select Payments → Credit Card. \n3. Enter amount and confirm. \n3.12 Scheduled / Recurring Payments  \nSubject: Scheduled Payments  \n \nTo set up or modify scheduled payments: \n1. Log in to Online Banking. \n2. Select Payments → Scheduled Payments. \n3. Add, edit, or delete as required. \n3.13 Transfers vs Payments  \nSubject: Transfers vs Payments  \n• \nTransfer: Move funds between your own accounts. \n• \nPayment: Send funds to external accounts or payees. \n3.14 Bill Payment Queries  \nSubject: Bill Payment Support  \nIf a bill payment is rejected, please verify the payee details and account number. If still \nunresolved, contact our Support Team. \nAccount opening queries\n \nhttps://www.firstcitizenstt.net/FCGWebClient/origination.do?_flowExecutionKey=_c\n7D38EDBB-"
    },
    {
      "id": "chunk_16",
      "text": "payee details and account number. If still \nunresolved, contact our Support Team. \nAccount opening queries\n \nhttps://www.firstcitizenstt.net/FCGWebClient/origination.do?_flowExecutionKey=_c\n7D38EDBB-17FC-998B-31B0-EFE05486DCF2_kA0823E32-1E48-D1AE-E33D-\n76C6B0A03D4F&a6c6fbb26e6880ec4507b0b421bc96ef6a4d6d54137822eb488e2585ce3\n9082b=40fc27ad9fe52b499ab3a0dd2a48e222 \n\nAccount opening queries - Product Information \"Savings: \nhttps://www.firstcitizensgroup.com/tt/savings-chequing/savings/ \nChequing: https://www.firstcitizensgroup.com/tt/savings-chequing/chequing/\" \nAccount opening queries - Interest Rates \"Savings: \nhttps://www.firstcitizensgroup.com/tt/savings-chequing/savings/ \nChequing: https://www.firstcitizensgroup.com/tt/savings-chequing/chequing/\" \nAccount opening queries - Charges \nhttp"
    },
    {
      "id": "chunk_17",
      "text": "t Rates \"Savings: \nhttps://www.firstcitizensgroup.com/tt/savings-chequing/savings/ \nChequing: https://www.firstcitizensgroup.com/tt/savings-chequing/chequing/\" \nAccount opening queries - Charges \nhttps://www.firstcitizensgroup.com/tt/fees-and-\ncharges/ \nAccount opening queries - Documents Required\n \nhttps://www.firstcitizensgroup.com/tt/documents-required-savings-chequing/ \nFAQ & troubleshooting \nhttps://www.firstcitizensgroup.com/tt/24-hour-banking/first-\ncitizens-contact-centre/#Frequently \nATM/Branch locater https://www.firstcitizensgroup.com/tt/locations/ \nContact center integration(live agent)\n \nhttps://www.firstcitizens.chat/iceMessaging/Login.html?dId=main&lang=en-\nCA&WebSiteID= \n \nWhat do I need to apply for a credit card? Obtaining a First Citizens Bank Credit Card is a \ngreat fin"
    },
    {
      "id": "chunk_18",
      "text": "gent)\n \nhttps://www.firstcitizens.chat/iceMessaging/Login.html?dId=main&lang=en-\nCA&WebSiteID= \n \nWhat do I need to apply for a credit card? Obtaining a First Citizens Bank Credit Card is a \ngreat financial move! The following documents are required \nhttps://www.firstcitizenstt.com/personal-banking/credit-cards/apply-credit-card.html \nWhat is the qualifying salary, annual fee, interest rate? This and other information about \napplying for and managing your First Citizens Credit Card are available at \nhttps://www.firstcitizenstt.com/personal-banking/credit-cards/faqs.html \nWhat options do I have to make my credit card payment? \n\"You can pay your credit \ncard via:<br><br> \nOnline Banking Service<br><br> \nTelebanking Service (Self Service Option)<br><br> \nFirst Citizens Branch network<br><br>"
    },
    {
      "id": "chunk_19",
      "text": "to make my credit card payment? \n\"You can pay your credit \ncard via:<br><br> \nOnline Banking Service<br><br> \nTelebanking Service (Self Service Option)<br><br> \nFirst Citizens Branch network<br><br> \nstanding order set up from your First Citizens deposit account<br><br> \nstanding order from any other Bank account\" \n\nHow do I know what is my credit card balance due? \n\"You can:<br><br> \nLogin to Online Banking Service<br><br> \nUse First Citizens Telebanking Self Service<br><br> \nView your monthly credit card statement\" \nHow do I sign up for the First Citizens Online Banking and Telebanking Services? \n\"Go to: \nOnline Banking<br><br> \nCall 62-FIRST<br><br> \nVisit any First Citizens branch\" \nIs there a cut off time to make payments? \"Yes. Once your payment is made on time* the \npayment will be"
    },
    {
      "id": "chunk_20",
      "text": "ices? \n\"Go to: \nOnline Banking<br><br> \nCall 62-FIRST<br><br> \nVisit any First Citizens branch\" \nIs there a cut off time to make payments? \"Yes. Once your payment is made on time* the \npayment will be updated overnight. If payment is made after the cut off payment time, the \npayment will update the following night. If the payment is made after the cut off time on \nFriday, the payment will be updated on Monday night.<br><br> \n* Monday – Thursday - by 3pm<br><br> \n* Friday - by 4.15pm\" \nWhat kind of reward programs are there on the First Citizens credit cards? \n\"Our reward \nprograms are as diverse as our cards. Obtain more info at \nhttps://www.firstcitizenstt.com/personal-banking/credit-cards/reward-programmes.html \n \nDo you offer Bonus Points? Yes we do! Our Bonus points program – this prog"
    },
    {
      "id": "chunk_21",
      "text": "se as our cards. Obtain more info at \nhttps://www.firstcitizenstt.com/personal-banking/credit-cards/reward-programmes.html \n \nDo you offer Bonus Points? Yes we do! Our Bonus points program – this program is \nattached to our VISA suite of cards and gives the customers the opportunity to redeem \nbonus points certificates at hundreds of merchants throughout Trinidad and Tobago in \nexchange for desired goods and services.<br><br> \nDo you offer Other Rewards? \nYes we do! Ultra Rewards – this program is attached to \nthe First Citizens VISA Platinum/VISA Signature credit cards and allow the customer to earn \npoints which can be redeemed for travel rewards anywhere worldwide, from anywhere \nworldwide. Rewards can be airline tickets to any destination on any airline, stays at hotels \nand resorts an"
    },
    {
      "id": "chunk_22",
      "text": "to earn \npoints which can be redeemed for travel rewards anywhere worldwide, from anywhere \nworldwide. Rewards can be airline tickets to any destination on any airline, stays at hotels \nand resorts and just about any other travel reward.<br><br> \nWhat about Vacation rewards? \nVacation Rewards – this program is attached to the First \nCitizens Vacation Lifestyle MasterCard and Vacation Lifestyle MasterCard Gold, and allows \nthe customer to earn points which can be redeemed via local participating travel agencies \nfor airline tickets on any airline and cruises.<br><br> \n\nDo you offer Cash Back Rewards? Cash Back Rewards – this program is attached \nexclusively to our VISA Pink credit card and gives customers the opportunity to receive \ncash back rewards on purchases done throughout the month."
    },
    {
      "id": "chunk_23",
      "text": "wards? Cash Back Rewards – this program is attached \nexclusively to our VISA Pink credit card and gives customers the opportunity to receive \ncash back rewards on purchases done throughout the month. \nWhat are the operational fees and charges on the First Citizens credit cards? There are lots \nof tips to use the First Citizens Credit Cards. Get info on credit card fees and charges at \nhttps://www.firstcitizenstt.com/personal-banking/credit-cards/faqs.html \nWhat is the maximum credit card limit that can be used for online transactions? \nCredit \ncard transactions can be completed up to your credit card limit for local online \ntransactions. Please email authorizations@firstcitizenstt.com if you encounter an issue \nwhile attempting a transaction. \nWhat is the maximum credit card limit that can"
    },
    {
      "id": "chunk_24",
      "text": "it card limit for local online \ntransactions. Please email authorizations@firstcitizenstt.com if you encounter an issue \nwhile attempting a transaction. \nWhat is the maximum credit card limit that can be used at a Point of Sale? \nCredit card \ntransactions can be completed up to your credit card limit for local online transactions. \nPlease email authorizations@firstcitizenstt.com if you encounter an issue while attempting \na transaction. \nWhat is my USD balance on my credit card? \nOur credit cards are calculated in TT \ncurrency. You can email authorizations@firstcitizenstt.com if you require specific \ninformation on your USD eligibility for credit cards. \nHow can I cancel a credit card transaction? \nCredit card transactions should be \ncancelled through your merchant. You can email authoriza"
    },
    {
      "id": "chunk_25",
      "text": "ecific \ninformation on your USD eligibility for credit cards. \nHow can I cancel a credit card transaction? \nCredit card transactions should be \ncancelled through your merchant. You can email authorizations@firstcitizenstt.com for \nfurther guidance. \nHow can I increase my credit card limit? You can request to have your credit card limit \nincreased by clicking 'My Services' then 'Increase Credit Card Limit.' \nHow can I reduce my credit card limit? \nYou can request to have your credit card limit \nreduced using the secure message medium. \nHow do I activate my credit card? To activate your card, please call 62-FIRST (623-4778) \nand select option 2 or send us a secure message using the 'My Messages' tab. \nWhat is the turnaround time for a credit card application? \nThe process takes a \nminimum of"
    },
    {
      "id": "chunk_26",
      "text": "ease call 62-FIRST (623-4778) \nand select option 2 or send us a secure message using the 'My Messages' tab. \nWhat is the turnaround time for a credit card application? \nThe process takes a \nminimum of two weeks from the submission of all required documentation. Additional \ninformation about applying for and managing your credit card is available here. \nThere are duplicate transactions on my account. Any duplicate transactions should always \nbe cancelled via the merchant. Once the transaction is cancelled, you should send the \ncancellation and confirmation receipts from the merchant to \nauthorizations@firstcitizenstt.com for support with release of funds. \n\nDo I have to go to the branch or Credit Card Centre to dispute a transaction? Transactions \nshould always be cancelled via the merchant"
    },
    {
      "id": "chunk_27",
      "text": "zations@firstcitizenstt.com for support with release of funds. \n\nDo I have to go to the branch or Credit Card Centre to dispute a transaction? Transactions \nshould always be cancelled via the merchant first. Once the transaction is cancelled, you \nshould send the cancellation and confirmation receipts from the merchant to \nauthorizations@firstcitizenstt.com for support with release of funds. \nAn item I purchased with my credit card was defective. What do I do? If the product you \nreceive from a credit card purchase is defective, this purchase will need to be disputed. \nClick or tap here for more information about credit card disputes. \nI made a payment on my credit card and the goods were not received. If you do not receive \na product in exchange for your credit card purchase, this purchas"
    },
    {
      "id": "chunk_28",
      "text": "re information about credit card disputes. \nI made a payment on my credit card and the goods were not received. If you do not receive \na product in exchange for your credit card purchase, this purchase will need to be disputed. \nClick or tap here for more information about credit card disputes. \nI did not receive the refund for a transaction that I cancelled with a merchant. You should \nalways query this transaction with the merchant as the first option as refunds can take up \nto 10 business days to process. If the transaction is still pending after 10 business days \nhave passed, contact authorizations@firstcitizenstt.com for further guidance. \nCan my new credit card be collected at a different location? \nYou can access the \nfollowing options to have your credit card replacement or renewal"
    },
    {
      "id": "chunk_29",
      "text": "rizations@firstcitizenstt.com for further guidance. \nCan my new credit card be collected at a different location? \nYou can access the \nfollowing options to have your credit card replacement or renewal sent to a location of your \nchoice: 1. Send a secure message to the Credit Card Centre requesting the change. 2. \nMake the request via 62-FIRST. \nWhat is the daily foreign transaction limit for my card? \nYou should always spend within \nyour credit card limit. Your daily foreign currency credit card limit is dependent on your \nspending history and forex eligibility per statement cycle. You can email \nauthorizations@firstcitizenstt.com for more assistance, specific to your card in hand. \nHow can I dispute a credit card transaction? \nClick or tap here to learn how to dispute a \ncredit card trans"
    },
    {
      "id": "chunk_30",
      "text": "il \nauthorizations@firstcitizenstt.com for more assistance, specific to your card in hand. \nHow can I dispute a credit card transaction? \nClick or tap here to learn how to dispute a \ncredit card transaction. \nI paid cash for an item, but I was still billed. \nIf you paid cash for an item but still \nreceived a bill, you should query this transaction with the merchant as the first option as \nrefunds can take up to 10 business days to process. If the transaction remains as pending \nbeyond 10 business days, contact authorizations@firstcitizenstt.com for further guidance. \nWhat are the documents required to dispute a transaction? \nClick or tap here for the \ncredit card dispute forms. \nWhy was there an increase on my credit card limit? \nIf your credit card limit was \nincreased, you may be the rec"
    },
    {
      "id": "chunk_31",
      "text": "uired to dispute a transaction? \nClick or tap here for the \ncredit card dispute forms. \nWhy was there an increase on my credit card limit? \nIf your credit card limit was \nincreased, you may be the recipient of an automatic increase. \n\nWhat is the daily online limit for my credit card? You should always spend within your \ncredit card limit. Your daily credit card limit is dependent on your spending history. You can \nemail authorizations@firstcitizenstt.com for more assistance specific to your card. \nWhat is the annual fee for the Visa Purple Card? The Visa Purple Card has a low annual fee \nof $100. Click or tap here for more information. \nWhat is the annual fee for the Visa Platinum Card? \nThe Visa Platinum Card has a low \nannual fee of $450. Click or tap here for more information. \nWhat is"
    },
    {
      "id": "chunk_32",
      "text": "100. Click or tap here for more information. \nWhat is the annual fee for the Visa Platinum Card? \nThe Visa Platinum Card has a low \nannual fee of $450. Click or tap here for more information. \nWhat is the annual fee for the Visa Classic Card? The Visa Classic Card has a low annual \nfee of $145. Click or tap here for more information. \nI noticed there was a difference in the amount I was charged and the amount I was billed \nfor on my credit card. \nYou should always query this transaction with the merchant as \nthe first option. Once the bill is cancelled, you should send the cancellation and \nconfirmation receipts from the merchant to authorizations@firstcitizenstt.com for support \nwith release of funds. \nI do not recognize a transaction on my account. Unauthorized transactions should be \nim"
    },
    {
      "id": "chunk_33",
      "text": "nfirmation receipts from the merchant to authorizations@firstcitizenstt.com for support \nwith release of funds. \nI do not recognize a transaction on my account. Unauthorized transactions should be \nimmediately reported via 62-FIRST Option 6. \nWhat is the annual fee for the Visa Tertiary Card? The Visa Tertiary Card has a low annual \nfee of $75. Click or tap here for more information. \nWhat is the annual fee for the Visa Signature Card? \nThe Visa Signature Card has a low \nannual fee of $600. Click or tap here for more information. \nWhat is the annual fee for the Visa Gold Card? \nThe Visa Gold Card has a low annual fee \nof $200. Click or tap here for more information. \nWhat is the annual fee for the Vacation Lifestyle MasterCard Gold? \nThe Vacation \nLifestyle MasterCard Gold has a low annual"
    },
    {
      "id": "chunk_34",
      "text": "ard has a low annual fee \nof $200. Click or tap here for more information. \nWhat is the annual fee for the Vacation Lifestyle MasterCard Gold? \nThe Vacation \nLifestyle MasterCard Gold has a low annual fee of $300. Click or tap here for more \ninformation. \nWhat is the annual fee for the Vacation Lifestyle MasterCard? The Vacation Lifestyle \nMasterCard has an annual fee of $200. Click or tap here for more information. \nWhat are the documents required to dispute a transaction?\" \nClick or tap here~ for the \ncredit card dispute forms. ~|~ https://www.firstcitizenstt.com/personal-banking/credit-\ncards/forms.html\" \n\nWhat do I do if my bonus points certificate is lost? \n\"If you have lost your bonus points \ncertificate, you can send a secure message via First Citizens Online Banking. Just submit \nt"
    },
    {
      "id": "chunk_35",
      "text": "ds/forms.html\" \n\nWhat do I do if my bonus points certificate is lost? \n\"If you have lost your bonus points \ncertificate, you can send a secure message via First Citizens Online Banking. Just submit \nthe query to CreditCardRewards@firstcitizenstt.com or call 625-2893 ext. 2396/2341.  \n \nTell the representative when the lost bonus points certificate was received, the period of \nyour certificate, and the branch that is most convenient for collection. Kindly note queries \ntake approximately 10-15 days from the date of receipt. Customers are asked to provide \nvalid contact details to be notified.\"\"\" \nWhen will payments to my credit card be credited and available for use? \nPayments \nmade to credit cards via Online Banking are immediate. Payments made over-the-counter \ntake one business day. ~Cli"
    },
    {
      "id": "chunk_36",
      "text": "\" \nWhen will payments to my credit card be credited and available for use? \nPayments \nmade to credit cards via Online Banking are immediate. Payments made over-the-counter \ntake one business day. ~Click or tap~ here to see what is available to spend. \nWhat is Mobile Banking? \nMobile banking is a revolutionary way of banking from your \nmobile phone allowing you access to your account information and conduct banking \ntransactions. Get more info here \nWhat are the features of Mobile Banking?  First Citizens' Mobile Banking allows you to view \naccounts, check balances, transfer funds and pay bills online. Get more info here \nWhat kind of mobile device is required for this service? If you have a smartphone, you can \nuse both mobile text service and also download the mobile banking app via the A"
    },
    {
      "id": "chunk_37",
      "text": "online. Get more info here \nWhat kind of mobile device is required for this service? If you have a smartphone, you can \nuse both mobile text service and also download the mobile banking app via the App Store. \nCan I use Mobile Banking if I don't have a smartphone?  Mobile banking will be accessible \nwith our mobile text feature. \nHow do I qualify for Mobile Banking? \nAny First Citizens customer with a valid account \ncan register for mobile banking. \nAre there fees to use the First Citizens Mobile Banking Service? Your mobile provider may \ncharge a minimal fee for the text messages associated with this service. \nWho can register for Mobile Banking? \nNew and existing First citizens Bank individual \ncustomers can register for mobile banking. There are some categories of customers who \nmay no"
    },
    {
      "id": "chunk_38",
      "text": "with this service. \nWho can register for Mobile Banking? \nNew and existing First citizens Bank individual \ncustomers can register for mobile banking. There are some categories of customers who \nmay not apply. \nHow can I register for Mobile Banking? \nThis can be done through self-enrollment via the \nmobile banking tab when you log into the online banking service or via First Citizens \nbranches. You can also send an email to to request this service via \nchannelsupport@firstcitizenstt.com \n\nCan I register someone else’s mobile phone number for the Service? The phone number \nwhich is registered for the service must be owned by our customer who is enrolling for the \nservice. \nCan I begin using Mobile Banking immediately? You can begin using mobile banking right \naway! \nWhere can I enroll for th"
    },
    {
      "id": "chunk_39",
      "text": "r the service must be owned by our customer who is enrolling for the \nservice. \nCan I begin using Mobile Banking immediately? You can begin using mobile banking right \naway! \nWhere can I enroll for the First Citizens Mobile Banking Service?  \nThis can be done \nthrough self-enrollment via the mobile banking tab when you log into the online banking \nservice or via First Citizens branches. You can also send an email to to request this service \nvia channelsupport@firstcitizenstt.com \nWhat does the enrollment process entail? The enrollment consists of signing the IESA, \nregistering and subscribing. You can read the IESA here \nWhat are account nicknames?  \nMobile account nicknames protect your account \ninformation and are to be created by account. Nicknames must be unique and between \nthree to e"
    },
    {
      "id": "chunk_40",
      "text": "You can read the IESA here \nWhat are account nicknames?  \nMobile account nicknames protect your account \ninformation and are to be created by account. Nicknames must be unique and between \nthree to eight characters in length and can include letters or numbers, but not spaces or \nspecial characters. \nCan customers outside of Trinidad and Tobago access the First Citizens Mobile Banking \nService? \nMobile banking is not an international service. It is only provided within \nTrinidad and Tobago. \nDo I have to agree to the Terms and Conditions to participate in the First Citizens Mobile \nBanking Service?  \nOur customers must agree to the Terms and Conditions as they are \nessential to understanding the roles and responsibilities while using this service. \nWhat is my default account?  \nBanking inf"
    },
    {
      "id": "chunk_41",
      "text": "vice?  \nOur customers must agree to the Terms and Conditions as they are \nessential to understanding the roles and responsibilities while using this service. \nWhat is my default account?  \nBanking information will be provided on a default \naccount if an account is not specified when using a command. Refer to your mobile \nbanking 'How To Guide' here for more info. \nWhat is First Citizens Mobile Text? Read about mobile text here \nWhat are Mobile Alerts? \n\"Alerts are automatic notices sent by First Citizens to your \nregistered mobile phone or email. Get more info here https://www.firstcitizenstt.com/24-\nhour-banking/mobile-banking/mobile-alerts.html \n\" \nHow do customers subscribe to alerts? \n Subscribing for mobile alerts is quick and easy! \nRead about it here \n\nWhat are the alerts available"
    },
    {
      "id": "chunk_42",
      "text": "com/24-\nhour-banking/mobile-banking/mobile-alerts.html \n\" \nHow do customers subscribe to alerts? \n Subscribing for mobile alerts is quick and easy! \nRead about it here \n\nWhat are the alerts available via the First Citizens Mobile Banking Service? \nThere are \nmany benefits of mobile alerts! The following lists some of the ways we notify you to keep \nyou in control of your financial affairs.Click here  \nWhat accounts are available via the service? \nFirst Citizens deposits, loans and \ninvestment accounts are available via the First Citizens Mobile Banking Service which are \nselected during the enrollment process. \nWhat are the requirements for First Citizens Mobile Text? \nIn order to use the mobile \ntext service, you must be registered for First Citizens Online Banking and have a mobile \ndevi"
    },
    {
      "id": "chunk_43",
      "text": "rollment process. \nWhat are the requirements for First Citizens Mobile Text? \nIn order to use the mobile \ntext service, you must be registered for First Citizens Online Banking and have a mobile \ndevice that supports SMS. \nDoes the First Citizens Mobile Banking Service facilitate third party payments and bill \npayments, including credit card payments? \nThe First Citizens Mobile Banking Service \ndoes not facilitate third party payments, neither within First Citizens nor externally. \nDoes the First Citizens Mobile Banking Service provide credit card balances and history for \nFirst Citizens credit cards? Balances and history on First Citizens credit cards are provided \nvia the mobile banking service.   \nCan I add more than one mobile phone number to receive information via the Mobile \nBanking"
    },
    {
      "id": "chunk_44",
      "text": "t cards? Balances and history on First Citizens credit cards are provided \nvia the mobile banking service.   \nCan I add more than one mobile phone number to receive information via the Mobile \nBanking Service?  \n\"You can register more than one phone to receive information via \nmobile banking. \n\" \nHow many transactions can I retrieve as statement history via First Citizens Mobile Text? \n \nYou can retrieve up to your last 15 transactions. \nHow current is the account and transaction information that I receive when using First \nCitizens Mobile Text?  \nYou will receive the current available balance via the 'BAL' text \nmessage. The 'HIST' text message will send your most recent posted transactions for the \nrequested account. Pending transactions will not be shown. \nHow safe is mobile banking?"
    },
    {
      "id": "chunk_45",
      "text": "via the 'BAL' text \nmessage. The 'HIST' text message will send your most recent posted transactions for the \nrequested account. Pending transactions will not be shown. \nHow safe is mobile banking?  \n First Citizens is very concerned with the safety and \nprivacy of your information and committed to security. To ensure account security, many \nsecurity features have been built into First Citizens Mobile Banking. Encryption is used to \nprotect your account. Here, it transforms sensitive information into unrecognizable \ncharacters before it is transferred over the internet. \nIs using the First Citizens Mobile Banking Service secure? \nFirst Citizens is very \nconcerned with the safety and privacy of your information and committed to security. To \n\nensure account security, many security features"
    },
    {
      "id": "chunk_46",
      "text": "izens Mobile Banking Service secure? \nFirst Citizens is very \nconcerned with the safety and privacy of your information and committed to security. To \n\nensure account security, many security features have been built into First Citizens Mobile \nBanking.  \nHow can I be sure that the registration process is safe? First Citizens is very concerned \nwith the safety and privacy of your information and committed to security. To ensure \naccount security, many security features have been built into First Citizens Mobile Banking.  \nHow does First Citizens protect my personal information? \nThe mobile banking service \nrequests that you do not provide any personal information at any time; e.g. full account \nnumber, email or personal address, nor do we send any such information to you via the \nservice."
    },
    {
      "id": "chunk_47",
      "text": "ing service \nrequests that you do not provide any personal information at any time; e.g. full account \nnumber, email or personal address, nor do we send any such information to you via the \nservice. \nHow do I change my First Citizens Mobile Banking account settings? You can amend your \nFirst Citizens Mobile Banking account settings from your personal computer at the mobile \nbanking preference center within the First Citizens Online Banking service. \nWhat are commands and how do I use them?  \n Commands are the SMS text messages \nyou send from your device to First Citizens at 43262 (4FCMB). Get the entire list of \ncommands here \nWhat do I do if I do not receive a response from my Command? Please make sure that you \nare using the correct number 43262, using the correct spelling of the command"
    },
    {
      "id": "chunk_48",
      "text": "the entire list of \ncommands here \nWhat do I do if I do not receive a response from my Command? Please make sure that you \nare using the correct number 43262, using the correct spelling of the command, and if you \nare specifying an account, confirm that you are using the correct account nickname. \nHow do I check the status of my mobile transfer?  \nA confirmation message will be \nsent to your mobile device after you have sent a 'TRAN' text message. \nHow do I check my available balance? \nYou can check that your available balance has \nbeen updated by either sending a 'BAL ALL' text message to 43262 (4FCMB). \nWhat are some quick tips I can use to secure my phone? \nGuidelines for enhancing \nyour experience in using mobile banking can be found here \nWhat is the IBAN/SWIFT code/routing number for"
    },
    {
      "id": "chunk_49",
      "text": "62 (4FCMB). \nWhat are some quick tips I can use to secure my phone? \nGuidelines for enhancing \nyour experience in using mobile banking can be found here \nWhat is the IBAN/SWIFT code/routing number for First Citizens? \nThe SWIFT code is \nFCTTTTPS. We do not maintain an IBAN or routing number. ~ Click or tap here ~ for more \ndetails on the format required to send wire transfers to your account. ~|~ \nhttps://www.firstcitizenstt.com/commercial-banking/correspondent-banks.html \nHow long does the wire transfer process take? \n\"The timeframe to process incoming wire \ntransfers depends on the sending bank. You may need to liaise with the sender of the \nfunds. \nWhen sending an outgoing wire transfer, it takes an average of three (3) days for funds to be \ncredited to a beneficiary’s account.\" \n\nHow c"
    },
    {
      "id": "chunk_50",
      "text": "ank. You may need to liaise with the sender of the \nfunds. \nWhen sending an outgoing wire transfer, it takes an average of three (3) days for funds to be \ncredited to a beneficiary’s account.\" \n\nHow can I send a wire transfer? \nYou can send a wire transfer by selecting the 'My \nServices' tab and then 'Wire Transfer' to complete the wire transfer form. \nWhat is an intermediary bank? \nAn intermediary bank is a bank that acts on behalf of \nthe beneficiary bank. It is required when sending a payment in a currency that is not the \ndomestic currency for the destination country. \nWhat is the cost of a wire transfer?  to view the entire list of fees and charges. \nhttps://www.firstcitizenstt.com/fees-and-charges.html \nShould you require further assistance, connect with our Support Team from 6am to"
    },
    {
      "id": "chunk_51",
      "text": "a wire transfer?  to view the entire list of fees and charges. \nhttps://www.firstcitizenstt.com/fees-and-charges.html \nShould you require further assistance, connect with our Support Team from 6am to 10pm \ndaily via our Web Chat or email easybanking@firstcitizenstt.com / \nchannelsupport@firstcitizenstt.com channels.  \nCustomer Service Representative: Contact Center  \nCustomer Feedback: https://www.firstcitizensgroup.com/tt/customer-support/feedback/  \nWebsite: https://www.firstcitizensgroup.com/tt/ \nTo prohibit unauthorized activity on your First Citizens Debit EMV card simply login to your \nFirst Citizens Mobile App. Navigate to the grid located to the top right-hand side of your \nscreen, select Cards and click Debit. Simply click the account number, then card \nnumber followed by the Hotl"
    },
    {
      "id": "chunk_52",
      "text": "irst Citizens Mobile App. Navigate to the grid located to the top right-hand side of your \nscreen, select Cards and click Debit. Simply click the account number, then card \nnumber followed by the Hotlist option and complete the steps to restrict and replace you \nDebit EMV card.  \nTo register for deposit account alerts SMS and/ Email Notifications visit \nhttps://www.firstcitizensgroup.com/tt/mobile-banking-2/mobile-banking/mobile-alerts/.  \nShould you require further assistance, connect with our Support Team from 6am to 10pm \ndaily via our Web Chat or email easybanking@firstcitizenstt.com / \nchannelsupport@firstcitizenstt.com channels. \nAs part of our normal digital channel monitoring, your online banking activity was alerted \nvia our systems. To prohibit any unauthorized activity, your Dig"
    },
    {
      "id": "chunk_53",
      "text": "annelsupport@firstcitizenstt.com channels. \nAs part of our normal digital channel monitoring, your online banking activity was alerted \nvia our systems. To prohibit any unauthorized activity, your Digital Banking access was \nrestricted. Please provide an updated telephone number/ email address for our Customer \nService Team to contact you.  \nUpon regaining access to you Digital Banking service, kindly review and update your \npersonal information by selecting My Home, About Me.  \nTo enable Biometric (Face ID or Thumbprint) and/ PIN Authentication, download our \nupdated First Citizens Mobile App today!  \n\nShould you require further assistance, connect with our Support Team from 6am to 10pm \ndaily via our Web Chat or email easybanking@firstcitizenstt.com / \nchannelsupport@firstcitizenstt.com"
    },
    {
      "id": "chunk_54",
      "text": "today!  \n\nShould you require further assistance, connect with our Support Team from 6am to 10pm \ndaily via our Web Chat or email easybanking@firstcitizenstt.com / \nchannelsupport@firstcitizenstt.com channels."
    }
  ],
  "pdf_path": "retail.pdf"
}